Scenario,New_AEDs,Coverage_1km,Coverage_500m,Coverage_200m,Median_Dist_km,Gini,Total_Cost_EUR
S10,10,0.8731233128772331,0.6883915843536108,0.34040197753536006,0.30342360603600294,0.0772687553519531,32000
S20,20,0.8735277168363478,0.6885862037589348,0.34037164723842644,0.30332639353381974,0.07681758053821452,64000
S30,30,0.8735100241631366,0.688727745144625,0.3405915418911951,0.3032845245357072,0.07717188949133824,96000
S40,40,0.8741166301018087,0.6888086259364479,0.3407078080294406,0.30313927845948374,0.0770403686477581,128000
S50,50,0.8741141025770642,0.6890765435593614,0.3405713216932394,0.30306604871297393,0.07697576645545823,160000
S70,70,0.8742834467349435,0.6897438100919008,0.34111221198855535,0.30215823969064426,0.07640425612453794,224000
S100,100,0.8750871996036841,0.6906840492968426,0.3421687173317427,0.3016676603146858,0.07555376067741304,320000
