Scenario,Added_AEDs,Extra_Survivors,QALYs_Saved,Total_Cost_EUR,ICER_EUR_per_QALY
S10,10,0.05068139447212161,0.5068139447212161,32000,63139.54131156018
S20,20,0.12048544943991146,1.2048544943991146,64000,45842.609021447206
S30,30,0.14802068946983127,1.4802068946983127,96000,116214.71236578574
S40,40,0.3592699329401512,3.592699329401512,128000,15147.983242125047
S50,50,0.32910034723954595,3.2910034723954595,160000,
S70,70,0.9437649936076014,9.437649936076014,224000,10412.181728388752
S100,100,1.0311705932781479,10.311705932781479,320000,109832.78000705667
